"genus","family_dropped","family_wcvp"
"Acanthosyris","Cervantesiaceae","Santalaceae"
"Acroglochin","Chenopodiaceae","Amaranthaceae"
"Adoxa","Adoxaceae","Viburnaceae"
"Agathelpis","Scrophulariaceae","Plantaginaceae"
"Agdestis","Agdestidaceae","Phytolaccaceae"
"Agriophyllum","Chenopodiaceae","Amaranthaceae"
"Albuca","Hyacinthaceae","Asparagaceae"
"Allantospermum","Ixonanthaceae","Irvingiaceae"
"Allenrolfea","Chenopodiaceae","Amaranthaceae"
"Alrawia","Hyacinthaceae","Asparagaceae"
"Amphorogyne","Amphorogynaceae","Santalaceae"
"Anabasis","Chenopodiaceae","Amaranthaceae"
"Anacolosa","Aptandraceae","Olacaceae"
"Anchistea","Blechnaceae","Aspleniaceae"
"Androya","Loganiaceae","Scrophulariaceae"
"Anthobolus","Opiliaceae","Santalaceae"
"Anthochlamys","Chenopodiaceae","Amaranthaceae"
"Aphanisma","Chenopodiaceae","Amaranthaceae"
"Aptandra","Aptandraceae","Olacaceae"
"Apterosperma","Pentaphylacaceae","Theaceae"
"Arceuthobium","Viscaceae","Santalaceae"
"Archiatriplex","Chenopodiaceae","Amaranthaceae"
"Arthrocaulon","Chenopodiaceae","Amaranthaceae"
"Arthroceras","Chenopodiaceae","Amaranthaceae"
"Arthrophytum","Chenopodiaceae","Amaranthaceae"
"Asarum","Asaraceae","Aristolochiaceae"
"Aspidium","Dryopteridaceae","Tectariaceae"
"Athyrium","Athyriaceae","Aspleniaceae"
"Atriplex","Chenopodiaceae","Amaranthaceae"
"Austroblechnum","Blechnaceae","Aspleniaceae"
"Autonoe","Hyacinthaceae","Asparagaceae"
"Avonsera","Hyacinthaceae","Asparagaceae"
"Axyris","Chenopodiaceae","Amaranthaceae"
"Balthasaria","Pentaphylacaceae","Theaceae"
"Baolia","Chenopodiaceae","Amaranthaceae"
"Bassia","Chenopodiaceae","Amaranthaceae"
"Battandiera","Hyacinthaceae","Asparagaceae"
"Bellevalia","Hyacinthaceae","Asparagaceae"
"Belvisia","Lecythidaceae","Polypodiaceae"
"Beta","Chenopodiaceae","Amaranthaceae"
"Bienertia","Chenopodiaceae","Amaranthaceae"
"Blitum","Chenopodiaceae","Amaranthaceae"
"Bosea","Boseaceae","Amaranthaceae"
"Bourreria","Ehretiaceae","Boraginaceae"
"Bowenia","Cycadaceae","Zamiaceae"
"Bowiea","Hyacinthaceae","Asparagaceae"
"Brimeura","Hyacinthaceae","Asparagaceae"
"Buchnera","Erwiniaceae","Orobanchaceae"
"Buckleya","Thesiaceae","Santalaceae"
"Calatola","Metteniusaceae","Icacinaceae"
"Camphorosma","Chenopodiaceae","Amaranthaceae"
"Camptoloma","Plantaginaceae","Scrophulariaceae"
"Caroxylon","Chenopodiaceae","Amaranthaceae"
"Cathedra","Aptandraceae","Olacaceae"
"Centipeda","Selenomonadaceae","Asteraceae"
"Ceratocarpus","Chenopodiaceae","Amaranthaceae"
"Cervantesia","Cervantesiaceae","Santalaceae"
"Chaetocarpus","Euphorbiaceae","Peraceae"
"Chaunochiton","Aptandraceae","Olacaceae"
"Chenolea","Chenopodiaceae","Amaranthaceae"
"Chenopodiastrum","Chenopodiaceae","Amaranthaceae"
"Chenopodium","Chenopodiaceae","Amaranthaceae"
"Choretrum","Amphorogynaceae","Santalaceae"
"Cleistoblechnum","Blechnaceae","Aspleniaceae"
"Climacoptera","Chenopodiaceae","Amaranthaceae"
"Codon","Codonaceae","Boraginaceae"
"Coldenia","Coldeniaceae","Boraginaceae"
"Comandra","Comandraceae","Santalaceae"
"Corbichonia","Corbichoniaceae","Lophiocarpaceae"
"Cordia","Cordiaceae","Boraginaceae"
"Corispermum","Chenopodiaceae","Amaranthaceae"
"Cornulaca","Chenopodiaceae","Amaranthaceae"
"Coula","Coulaceae","Olacaceae"
"Cranfillia","Blechnaceae","Aspleniaceae"
"Cubitanthus","Linderniaceae","Gesneriaceae"
"Curupira","Ximeniaceae","Olacaceae"
"Cyathobasis","Chenopodiaceae","Amaranthaceae"
"Cycloloma","Chenopodiaceae","Amaranthaceae"
"Dactylanthus","Mystropetalaceae","Balanophoraceae"
"Daenikera","Amphorogynaceae","Santalaceae"
"Daubenya","Hyacinthaceae","Asparagaceae"
"Dendrobangia","Metteniusaceae","Cardiopteridaceae"
"Dendromyza","Amphorogynaceae","Santalaceae"
"Dendrophthora","Viscaceae","Santalaceae"
"Dendrotrophe","Amphorogynaceae","Santalaceae"
"Didymanthus","Chenopodiaceae","Amaranthaceae"
"Dimorphocalyx","Picrodendraceae","Euphorbiaceae"
"Diogoa","Strombosiaceae","Olacaceae"
"Dipcadi","Hyacinthaceae","Asparagaceae"
"Dissocarpus","Chenopodiaceae","Amaranthaceae"
"Dodartia","Phrymaceae","Mazaceae"
"Draconopteris","Pteridryaceae","Tectariaceae"
"Draperia","Hydrophyllaceae","Boraginaceae"
"Drimia","Hyacinthaceae","Asparagaceae"
"Drimiopsis","Hyacinthaceae","Asparagaceae"
"Dufrenoya","Amphorogynaceae","Santalaceae"
"Dysphania","Chenopodiaceae","Amaranthaceae"
"Ehretia","Ehretiaceae","Boraginaceae"
"Einadia","Chenopodiaceae","Amaranthaceae"
"Eliokarmos","Hyacinthaceae","Asparagaceae"
"Ellisia","Hydrophyllaceae","Boraginaceae"
"Elsiea","Hyacinthaceae","Asparagaceae"
"Emmenanthe","Hydrophyllaceae","Boraginaceae"
"Emmotum","Metteniusaceae","Icacinaceae"
"Empleuridium","Celastraceae","Rutaceae"
"Enchylaena","Chenopodiaceae","Amaranthaceae"
"Engomegoma","Strombosiaceae","Olacaceae"
"Eokochia","Chenopodiaceae","Amaranthaceae"
"Eremocrinum","Amaryllidaceae","Asparagaceae"
"Eremophea","Chenopodiaceae","Amaranthaceae"
"Eriodictyon","Namaceae","Boraginaceae"
"Erythropalum","Erythropalaceae","Olacaceae"
"Eucomis","Hyacinthaceae","Asparagaceae"
"Eucrypta","Hydrophyllaceae","Boraginaceae"
"Euploca","Heliotropiaceae","Boraginaceae"
"Exomis","Chenopodiaceae","Amaranthaceae"
"Extriplex","Chenopodiaceae","Amaranthaceae"
"Fessia","Hyacinthaceae","Asparagaceae"
"Gallesia","Phytolaccaceae","Petiveriaceae"
"Gamanthus","Chenopodiaceae","Amaranthaceae"
"Geocaulon","Comandraceae","Santalaceae"
"Geschollia","Hyacinthaceae","Asparagaceae"
"Ginalloa","Viscaceae","Santalaceae"
"Girgensohnia","Chenopodiaceae","Amaranthaceae"
"Glumicalyx","Plantaginaceae","Scrophulariaceae"
"Gordonia","Gordoniaceae","Theaceae"
"Grayia","Chenopodiaceae","Amaranthaceae"
"Grubovia","Chenopodiaceae","Amaranthaceae"
"Grypothrix","Thelypteridaceae","Aspleniaceae"
"Hablitzia","Chenopodiaceae","Amaranthaceae"
"Hachettea","Mystropetalaceae","Balanophoraceae"
"Halanthium","Chenopodiaceae","Amaranthaceae"
"Halimocnemis","Chenopodiaceae","Amaranthaceae"
"Halocharis","Chenopodiaceae","Amaranthaceae"
"Halocnemum","Chenopodiaceae","Amaranthaceae"
"Halogeton","Chenopodiaceae","Amaranthaceae"
"Halopeplis","Chenopodiaceae","Amaranthaceae"
"Halostachys","Chenopodiaceae","Amaranthaceae"
"Halothamnus","Chenopodiaceae","Amaranthaceae"
"Haloxylon","Chenopodiaceae","Amaranthaceae"
"Hammada","Chenopodiaceae","Amaranthaceae"
"Harmandia","Aptandraceae","Olacaceae"
"Heisteria","Erythropalaceae","Olacaceae"
"Heliotropium","Heliotropiaceae","Boraginaceae"
"Hellenia","Costaceae","Zingiberaceae"
"Hesperochiron","Hydrophyllaceae","Boraginaceae"
"Heterostachys","Chenopodiaceae","Amaranthaceae"
"Hilleria","Phytolaccaceae","Petiveriaceae"
"Holmbergia","Chenopodiaceae","Amaranthaceae"
"Honorius","Hyacinthaceae","Asparagaceae"
"Horaninovia","Chenopodiaceae","Amaranthaceae"
"Howellanthus","Hydrophyllaceae","Boraginaceae"
"Hyacinthella","Hyacinthaceae","Asparagaceae"
"Hyacinthoides","Hyacinthaceae","Asparagaceae"
"Hyacinthus","Hyacinthaceae","Asparagaceae"
"Hydnora","Hydnoraceae","Aristolochiaceae"
"Hydrophyllum","Hydrophyllaceae","Boraginaceae"
"Igidia","Hyacinthaceae","Asparagaceae"
"Iljinia","Chenopodiaceae","Amaranthaceae"
"Jodina","Cervantesiaceae","Santalaceae"
"Kali","Chenopodiaceae","Amaranthaceae"
"Kalidium","Chenopodiaceae","Amaranthaceae"
"Kaviria","Chenopodiaceae","Amaranthaceae"
"Kingdonia","Circaeasteraceae","Ranunculaceae"
"Korthalsella","Viscaceae","Santalaceae"
"Krascheninnikovia","Chenopodiaceae","Amaranthaceae"
"Lachenalia","Hyacinthaceae","Asparagaceae"
"Lactoris","Lactoridaceae","Aristolochiaceae"
"Lagenantha","Chenopodiaceae","Amaranthaceae"
"Lancea","Phrymaceae","Mazaceae"
"Lapageria","Smilacaceae","Philesiaceae"
"Laureliopsis","Atherospermataceae","Monimiaceae"
"Lawsonia","Desulfovibrionaceae","Lythraceae"
"Ledebouria","Hyacinthaceae","Asparagaceae"
"Ledenbergia","Phytolaccaceae","Petiveriaceae"
"Leea","Leeaceae","Vitaceae"
"Leichhardtia","Apocynaceae","Phyllanthaceae"
"Lennoa","Lennoaceae","Boraginaceae"
"Lepidocordia","Ehretiaceae","Boraginaceae"
"Leptomeria","Amphorogynaceae","Santalaceae"
"Leptonema","Leptospiraceae","Phyllanthaceae"
"Limosella","Scrophulariaceae","Plantaginaceae"
"Lipandra","Chenopodiaceae","Amaranthaceae"
"Lomariocycas","Blechnaceae","Aspleniaceae"
"Loncomelos","Hyacinthaceae","Asparagaceae"
"Loxsoma","Loxsomataceae","Cyatheaceae"
"Maburea","Erythropalaceae","Olacaceae"
"Maireana","Chenopodiaceae","Amaranthaceae"
"Malacocera","Chenopodiaceae","Amaranthaceae"
"Malaifilix","Pteridryaceae","Polypodiaceae"
"Malania","Ximeniaceae","Olacaceae"
"Manochlamys","Chenopodiaceae","Amaranthaceae"
"Massonia","Hyacinthaceae","Asparagaceae"
"Merwilla","Hyacinthaceae","Asparagaceae"
"Micranthemum","Plantaginaceae","Linderniaceae"
"Microcarpaea","Plantaginaceae","Phrymaceae"
"Microcnemum","Chenopodiaceae","Amaranthaceae"
"Microgynoecium","Chenopodiaceae","Amaranthaceae"
"Microrrhinum","Plantaginaceae","Scrophulariaceae"
"Mida","Nanodeaceae","Santalaceae"
"Minquartia","Coulaceae","Olacaceae"
"Monococcus","Phytolaccaceae","Petiveriaceae"
"Mostuea","Loganiaceae","Gelsemiaceae"
"Muscari","Hyacinthaceae","Asparagaceae"
"Myriopus","Heliotropiaceae","Boraginaceae"
"Mystropetalon","Mystropetalaceae","Balanophoraceae"
"Nama","Namaceae","Boraginaceae"
"Namophila","Hyacinthaceae","Asparagaceae"
"Nanodea","Nanodeaceae","Santalaceae"
"Nanophyton","Chenopodiaceae","Amaranthaceae"
"Nemophila","Hydrophyllaceae","Boraginaceae"
"Neobassia","Chenopodiaceae","Amaranthaceae"
"Neoblechnum","Blechnaceae","Aspleniaceae"
"Neokochia","Chenopodiaceae","Amaranthaceae"
"Neopatersonia","Hyacinthaceae","Asparagaceae"
"Neuroloma","Brassicaceae","Andreaeaceae"
"Nicipe","Hyacinthaceae","Asparagaceae"
"Noaea","Chenopodiaceae","Amaranthaceae"
"Notothixos","Viscaceae","Santalaceae"
"Oceaniopteris","Blechnaceae","Aspleniaceae"
"Ochanostachys","Coulaceae","Olacaceae"
"Octoknema","Octoknemaceae","Olacaceae"
"Oecopetalum","Metteniusaceae","Icacinaceae"
"Ofaiston","Chenopodiaceae","Amaranthaceae"
"Okoubaka","Cervantesiaceae","Santalaceae"
"Ongokea","Aptandraceae","Olacaceae"
"Oreobliton","Chenopodiaceae","Amaranthaceae"
"Ornithogalum","Hyacinthaceae","Asparagaceae"
"Osteocarpum","Chenopodiaceae","Amaranthaceae"
"Osyridicarpos","Thesiaceae","Santalaceae"
"Ottoschulzia","Metteniusaceae","Icacinaceae"
"Oxybasis","Chenopodiaceae","Amaranthaceae"
"Oxygyne","Thismiaceae","Burmanniaceae"
"Oziroe","Hyacinthaceae","Asparagaceae"
"Pakau","Thelypteridaceae","Aspleniaceae"
"Patellifolia","Chenopodiaceae","Amaranthaceae"
"Pelazoneuron","Thelypteridaceae","Aspleniaceae"
"Peltanthera","Peltantheraceae","Gesneriaceae"
"Pentarhizidium","Onocleaceae","Aspleniaceae"
"Petrosimonia","Chenopodiaceae","Amaranthaceae"
"Phacelia","Hydrophyllaceae","Boraginaceae"
"Phacellaria","Amphorogynaceae","Santalaceae"
"Phanerodiscus","Aptandraceae","Olacaceae"
"Pholisma","Lennoaceae","Boraginaceae"
"Pholistoma","Hydrophyllaceae","Boraginaceae"
"Phoradendron","Viscaceae","Santalaceae"
"Pilgerina","Cervantesiaceae","Santalaceae"
"Piptoptera","Chenopodiaceae","Amaranthaceae"
"Pittosporopsis","Metteniusaceae","Icacinaceae"
"Platea","Metteniusaceae","Icacinaceae"
"Platyspermation","Alseuosmiaceae","Escalloniaceae"
"Pleurosorus","Polypodiaceae","Aspleniaceae"
"Polydictyum","Pteridryaceae","Tectariaceae"
"Polystichopsis","Dryopteridaceae","Polypodiaceae"
"Proatriplex","Chenopodiaceae","Amaranthaceae"
"Prosartes","Colchicaceae","Liliaceae"
"Prosopanche","Hydnoraceae","Aristolochiaceae"
"Prospero","Hyacinthaceae","Asparagaceae"
"Pseudogaltonia","Hyacinthaceae","Asparagaceae"
"Pseudomisopates","Plantaginaceae","Scrophulariaceae"
"Pseudomuscari","Hyacinthaceae","Asparagaceae"
"Pseudoprospero","Hyacinthaceae","Asparagaceae"
"Pseudotectaria","Dryopteridaceae","Tectariaceae"
"Pteridrys","Pteridryaceae","Tectariaceae"
"Puschkinia","Hyacinthaceae","Asparagaceae"
"Pyankovia","Chenopodiaceae","Amaranthaceae"
"Pyrularia","Cervantesiaceae","Santalaceae"
"Reholttumia","Thelypteridaceae","Aspleniaceae"
"Resnova","Hyacinthaceae","Asparagaceae"
"Rhagodia","Chenopodiaceae","Amaranthaceae"
"Rhaphidophyton","Chenopodiaceae","Amaranthaceae"
"Rochefortia","Ehretiaceae","Boraginaceae"
"Romanzoffia","Hydrophyllaceae","Boraginaceae"
"Rothia","Micrococcaceae","Fabaceae"
"Roycea","Chenopodiaceae","Amaranthaceae"
"Ruppia","Cymodoceaceae","Ruppiaceae"
"Salicornia","Chenopodiaceae","Amaranthaceae"
"Salsola","Chenopodiaceae","Amaranthaceae"
"Sambucus","Adoxaceae","Viburnaceae"
"Sandersonia","Liliaceae","Colchicaceae"
"Saruma","Asaraceae","Aristolochiaceae"
"Schindleria","Phytolaccaceae","Petiveriaceae"
"Schizocarphus","Hyacinthaceae","Asparagaceae"
"Schwartzia","Selenomonadaceae","Marcgraviaceae"
"Scilla","Hyacinthaceae","Asparagaceae"
"Sclerolaena","Chenopodiaceae","Amaranthaceae"
"Scleropyrum","Cervantesiaceae","Santalaceae"
"Scoliopus","Melanthiaceae","Liliaceae"
"Scorodocarpus","Strombosiaceae","Olacaceae"
"Seguieria","Phytolaccaceae","Petiveriaceae"
"Seidlitzia","Chenopodiaceae","Amaranthaceae"
"Semiliquidambar","Hamamelidaceae","Altingiaceae"
"Senegalia","Clostridiaceae","Fabaceae"
"Sinopyrenaria","Sapotaceae","Theaceae"
"Spetaea","Hyacinthaceae","Asparagaceae"
"Spinacia","Chenopodiaceae","Amaranthaceae"
"Spirobassia","Chenopodiaceae","Amaranthaceae"
"Spirogardnera","Amphorogynaceae","Santalaceae"
"Staufferia","Cervantesiaceae","Santalaceae"
"Strombosia","Strombosiaceae","Olacaceae"
"Strombosiopsis","Strombosiaceae","Olacaceae"
"Strophocaulon","Thelypteridaceae","Aspleniaceae"
"Stutzia","Chenopodiaceae","Amaranthaceae"
"Suaeda","Chenopodiaceae","Amaranthaceae"
"Suckleya","Chenopodiaceae","Amaranthaceae"
"Sympegma","Chenopodiaceae","Amaranthaceae"
"Tacca","Taccaceae","Dioscoreaceae"
"Tecticornia","Chenopodiaceae","Amaranthaceae"
"Telephium","Caryophyllaceae","Molluginaceae"
"Tetilla","Francoaceae","Saxifragaceae"
"Tetracoccus","Paracoccaceae","Picrodendraceae"
"Tetradoxa","Adoxaceae","Viburnaceae"
"Tetrastylidium","Strombosiaceae","Olacaceae"
"Thesium","Thesiaceae","Santalaceae"
"Thismia","Thismiaceae","Burmanniaceae"
"Threlkeldia","Chenopodiaceae","Amaranthaceae"
"Tiquilia","Ehretiaceae","Boraginaceae"
"Tournefortia","Heliotropiaceae","Boraginaceae"
"Traganopsis","Chenopodiaceae","Amaranthaceae"
"Traganum","Chenopodiaceae","Amaranthaceae"
"Trapella","Pedaliaceae","Plantaginaceae"
"Triaenophora","Orobanchaceae","Plantaginaceae"
"Tricardia","Hydrophyllaceae","Boraginaceae"
"Trichostigma","Phytolaccaceae","Petiveriaceae"
"Trigonopleura","Euphorbiaceae","Peraceae"
"Turricula","Namaceae","Boraginaceae"
"Veltheimia","Hyacinthaceae","Asparagaceae"
"Viburnum","Adoxaceae","Viburnaceae"
"Viscum","Viscaceae","Santalaceae"
"Wellstedia","Wellstediaceae","Boraginaceae"
"Whipplea","Hydrangeaceae","Saxifragaceae"
"Whiteheadia","Hyacinthaceae","Asparagaceae"
"Wigandia","Namaceae","Boraginaceae"
"Ximenia","Ximeniaceae","Olacaceae"
"Xylosalsola","Chenopodiaceae","Amaranthaceae"
